"model","moran_i","p_value"
"Original",0.0165852097853491,0.269701514577625
"Enhanced",-0.0730823661628154,0.618931696788858
"10km sensitivity",-0.0731959076901324,0.522991948227736
