"predictor","vif"
"depr",1.5651144881646
"pop_dens",1.64680017294121
"dist_km",3.78135052778708
"facility_dens",1.91835663577198
"urban",2.0902487435136
