"model","R2","Adj_R2","p_F"
"Original",0.650827668711378,0.589209022013386,0.000371521864617234
