"grid","weight","moran_i","p_value"
"5 km","KNN5",0.204581673306771,8.3665587388372e-05
"10 km","KNN5",0.307809385758288,5.25678795111427e-07
