"model","moran_i","p_value"
"Original",0.020717982274733,0.246082666154784
"Enhanced",-0.0764015677633418,0.602430058413288
"10km sensitivity",-0.128682834919423,0.680762196307667
