"test","moran_i","p_value"
"Residual Moran's I",0.020717982274733,0.246082666154784
