"predictor","vif"
"depr",1.52342753867413
"pop_dens",1.51357699823816
"dist_km",4.9888083615581
"facility_dens",2.08744002549313
"urban",3.11383234615111
