"term","estimate","std.error","statistic","p.value","model"
"(Intercept)",7.56729741533643,7.02101713941556,1.0778064296203,0.296177110372638,"Original"
"depr",1.94739174947693,3.40185519087665,0.572449925176002,0.57451058022849,"Original"
"pop_dens",-0.00259383641398249,0.00134911927699036,-1.9226145962193,0.0714474445219087,"Original"
"dist_km",1.07128386269967,0.370282878789405,2.8931498701806,0.0101082232516432,"Original"
